Group 1 Calls Blocked,Group 2 Calls Blocked,Group 1 Calls Dropped,Group 2 Calls Dropped
1.1140538024235446e-07,1.2411158746943302e-14,1.142091120269303e-19,1.3043721269979562e-38
4.6483744677338465e-05,2.1607385192280363e-09,4.405611453263787e-14,1.9409412277128658e-27
0.0011019126001566683,1.2142113783840277e-06,5.389359268217673e-11,2.9045193321923025e-21
0.008125157246059857,6.601818027319732e-05,6.252018266033677e-09,3.908773239881754e-17
0.03178298428621372,0.0010101580901376896,1.9950010657385706e-07,3.9800292522979416e-14
0.08373846275067935,0.007012130143846966,2.814111571339235e-06,7.919223935945577e-12
0.16894752383808112,0.02854326581101878,2.2604015653291166e-05,5.109415236542364e-10
0.28206659310550974,0.07956156294615048,0.00012029062414222815,1.4469834256526816e-08
0.4100495053471253,0.1681405968354264,0.00046781120572719526,2.188473242039328e-07
0.5378411912506187,0.2892731470058837,0.0014224690559524098,2.023418215142141e-06
0.6533021380927403,0.426803683636547,0.003551649599073617,1.261421487459983e-05
0.7494984006068645,0.5617478525122495,0.007557502616939801,5.71158458050526e-05
0.8245357939243106,0.6798592754623906,0.014112596328753894,0.00019916537513835827
0.8800511232625495,0.77448997955568,0.023681792390225467,0.0005608272908137428
